day,control,exp
1,0.09610,0.09715
2,0.07357,0.06954
3,0.10030,0.08782
4,0.07225,0.06936
5,0.06173,0.09893
6,0.07736,0.08050
7,0.07121,0.11161
8,0.08207,0.10802
9,0.10602,0.08793
10,0.10000,0.12043
11,0.08100,0.09236
12,0.080357,0.10494
13,0.081081,0.09392
14,0.068323,0.11607